0.00 ,0.00 ,0.00 ,0.00 ,0.00 ,0.00 ,0.00 ,0.00 ,1.00 ,0.00 ,0.00 ,WatchTV,1,0,0,0,0,0,0
0.00 ,0.00 ,0.00 ,0.00 ,0.00 ,0.00 ,0.00 ,1.00 ,0.00 ,0.00 ,0.00 ,WatchTV,1,0,0,0,0,0,0
0.00 ,0.00 ,0.00 ,0.00 ,0.00 ,0.00 ,0.00 ,1.00 ,0.00 ,0.00 ,0.00 ,WatchTV,1,0,0,0,0,0,0
0.00 ,0.00 ,0.00 ,0.00 ,0.00 ,0.00 ,0.00 ,1.00 ,0.00 ,0.00 ,0.00 ,WatchTV,1,0,0,0,0,0,0
0.00 ,0.00 ,0.00 ,0.00 ,0.00 ,0.00 ,0.00 ,1.00 ,0.00 ,0.00 ,0.00 ,WatchTV,1,0,0,0,0,0,0
0.00 ,0.00 ,0.00 ,0.00 ,0.00 ,0.00 ,0.00 ,1.00 ,0.00 ,0.00 ,0.00 ,WatchTV,1,0,0,0,0,0,0
0.00 ,0.00 ,0.00 ,0.00 ,0.00 ,0.00 ,0.00 ,1.00 ,0.00 ,0.00 ,0.00 ,WatchTV,1,0,0,0,0,0,0
0.00 ,0.00 ,0.00 ,0.00 ,0.00 ,0.00 ,0.00 ,1.00 ,0.00 ,0.00 ,0.00 ,WatchTV,1,0,0,0,0,0,0
0.00 ,0.00 ,0.00 ,0.00 ,0.00 ,0.00 ,0.00 ,1.00 ,0.00 ,0.00 ,0.00 ,WatchTV,1,0,0,0,0,0,0
0.00 ,0.00 ,0.00 ,0.00 ,0.00 ,0.00 ,0.00 ,1.00 ,0.00 ,0.00 ,0.00 ,WatchTV,1,0,0,0,0,0,0
0.00 ,0.00 ,0.00 ,0.00 ,0.00 ,0.00 ,0.00 ,1.00 ,0.00 ,0.00 ,0.00 ,WatchTV,1,0,0,0,0,0,0
0.00 ,0.00 ,0.00 ,0.00 ,0.00 ,0.00 ,0.00 ,0.00 ,1.00 ,0.00 ,0.00 ,WatchTV,1,0,0,0,0,0,0
0.00 ,0.00 ,0.00 ,0.00 ,0.00 ,0.00 ,0.00 ,0.00 ,0.00 ,1.00 ,0.00 ,WatchTV,1,0,0,0,0,0,0
0.00 ,0.00 ,0.00 ,0.00 ,0.00 ,0.00 ,0.00 ,0.00 ,0.00 ,1.00 ,0.00 ,WatchTV,1,0,0,0,0,0,0
0.00 ,0.00 ,0.00 ,0.00 ,0.00 ,0.00 ,0.00 ,0.00 ,0.00 ,1.00 ,0.00 ,WatchTV,1,0,0,0,0,0,0
0.00 ,0.00 ,0.00 ,0.00 ,0.00 ,0.00 ,0.00 ,0.00 ,0.00 ,1.00 ,0.00 ,WatchTV,1,0,0,0,0,0,0
0.00 ,0.00 ,0.00 ,0.00 ,0.00 ,0.00 ,0.00 ,0.00 ,0.00 ,1.00 ,0.00 ,WatchTV,1,0,0,0,0,0,0
0.00 ,0.00 ,0.00 ,0.00 ,0.00 ,0.00 ,0.00 ,0.00 ,0.00 ,1.00 ,0.00 ,WatchTV,1,0,0,0,0,0,0
0.00 ,0.00 ,0.00 ,0.00 ,0.00 ,0.00 ,0.00 ,0.00 ,1.00 ,0.00 ,0.00 ,PlayPad,0,1,0,0,0,0,0
0.00 ,0.00 ,0.00 ,0.00 ,0.00 ,0.00 ,0.00 ,0.00 ,1.00 ,0.00 ,0.00 ,PlayPad,0,1,0,0,0,0,0
0.00 ,0.00 ,0.00 ,0.00 ,0.00 ,0.00 ,0.00 ,0.00 ,1.00 ,0.00 ,0.00 ,PlayPad,0,1,0,0,0,0,0
0.00 ,0.00 ,0.00 ,0.00 ,0.00 ,0.00 ,0.00 ,0.00 ,1.00 ,0.00 ,0.00 ,PlayPad,0,1,0,0,0,0,0
0.00 ,0.00 ,0.00 ,0.00 ,0.00 ,0.00 ,0.00 ,0.00 ,1.00 ,0.00 ,0.00 ,PlayPad,0,1,0,0,0,0,0
0.00 ,0.00 ,0.00 ,0.00 ,0.00 ,0.00 ,0.00 ,0.01 ,0.99 ,0.00 ,0.00 ,PlayPad,0,1,0,0,0,0,0
0.00 ,0.00 ,0.00 ,0.00 ,0.00 ,0.00 ,0.00 ,0.00 ,1.00 ,0.00 ,0.00 ,PlayPad,0,1,0,0,0,0,0
0.00 ,0.00 ,0.00 ,0.00 ,0.00 ,0.00 ,0.00 ,0.00 ,1.00 ,0.00 ,0.00 ,PlayPad,0,1,0,0,0,0,0
0.00 ,0.00 ,0.00 ,0.00 ,0.00 ,0.00 ,0.00 ,0.00 ,0.00 ,1.00 ,0.00 ,PlayPad,0,1,0,0,0,0,0
0.00 ,0.00 ,0.00 ,0.00 ,0.00 ,0.00 ,0.00 ,0.00 ,1.00 ,0.00 ,0.00 ,PlayPad,0,1,0,0,0,0,0
0.00 ,0.00 ,0.00 ,0.00 ,0.00 ,0.00 ,0.00 ,0.00 ,1.00 ,0.00 ,0.00 ,PlayPad,0,1,0,0,0,0,0
0.00 ,1.00 ,0.00 ,0.00 ,0.00 ,0.00 ,0.00 ,0.00 ,0.00 ,0.00 ,0.00 ,Walk,0,0,0,1,0,0,0
1.00 ,0.00 ,0.00 ,0.00 ,0.00 ,0.00 ,0.00 ,0.00 ,0.00 ,0.00 ,0.00 ,Walk,0,0,0,1,0,0,0
1.00 ,0.00 ,0.00 ,0.00 ,0.00 ,0.00 ,0.00 ,0.00 ,0.00 ,0.00 ,0.00 ,Walk,0,0,0,1,0,0,0
1.00 ,0.00 ,0.00 ,0.00 ,0.00 ,0.00 ,0.00 ,0.00 ,0.00 ,0.00 ,0.00 ,Walk,0,0,0,1,0,0,0
1.00 ,0.00 ,0.00 ,0.00 ,0.00 ,0.00 ,0.00 ,0.00 ,0.00 ,0.00 ,0.00 ,Walk,0,0,0,1,0,0,0
1.00 ,0.00 ,0.00 ,0.00 ,0.00 ,0.00 ,0.00 ,0.00 ,0.00 ,0.00 ,0.00 ,Walk,0,0,0,1,0,0,0
1.00 ,0.00 ,0.00 ,0.00 ,0.00 ,0.00 ,0.00 ,0.00 ,0.00 ,0.00 ,0.00 ,Walk,0,0,0,1,0,0,0
1.00 ,0.00 ,0.00 ,0.00 ,0.00 ,0.00 ,0.00 ,0.00 ,0.00 ,0.00 ,0.00 ,Walk,0,0,0,1,0,0,0
1.00 ,0.00 ,0.00 ,0.00 ,0.00 ,0.00 ,0.00 ,0.00 ,0.00 ,0.00 ,0.00 ,Walk,0,0,0,1,0,0,0
1.00 ,0.00 ,0.00 ,0.00 ,0.00 ,0.00 ,0.00 ,0.00 ,0.00 ,0.00 ,0.00 ,Walk,0,0,0,1,0,0,0
1.00 ,0.00 ,0.00 ,0.00 ,0.00 ,0.00 ,0.00 ,0.00 ,0.00 ,0.00 ,0.00 ,Walk,0,0,0,1,0,0,0
1.00 ,0.00 ,0.00 ,0.00 ,0.00 ,0.00 ,0.00 ,0.00 ,0.00 ,0.00 ,0.00 ,Walk,0,0,0,1,0,0,0
1.00 ,0.00 ,0.00 ,0.00 ,0.00 ,0.00 ,0.00 ,0.00 ,0.00 ,0.00 ,0.00 ,Walk,0,0,0,1,0,0,0
1.00 ,0.00 ,0.00 ,0.00 ,0.00 ,0.00 ,0.00 ,0.00 ,0.00 ,0.00 ,0.00 ,Walk,0,0,0,1,0,0,0
1.00 ,0.00 ,0.00 ,0.00 ,0.00 ,0.00 ,0.00 ,0.00 ,0.00 ,0.00 ,0.00 ,Walk,0,0,0,1,0,0,0
0.00 ,1.00 ,0.00 ,0.00 ,0.00 ,0.00 ,0.00 ,0.00 ,0.00 ,0.00 ,0.00 ,Walk,0,0,0,1,0,0,0
0.00 ,1.00 ,0.00 ,0.00 ,0.00 ,0.00 ,0.00 ,0.00 ,0.00 ,0.00 ,0.00 ,Read,0,0,1,0,0,0,0
0.00 ,0.00 ,0.00 ,0.00 ,0.00 ,0.00 ,0.00 ,1.00 ,0.00 ,0.00 ,0.00 ,Read,0,0,1,0,0,0,0
0.00 ,0.00 ,0.00 ,0.00 ,0.00 ,0.00 ,0.00 ,1.00 ,0.00 ,0.00 ,0.00 ,Read,0,0,1,0,0,0,0
0.00 ,0.00 ,0.00 ,0.00 ,0.00 ,0.00 ,0.00 ,1.00 ,0.00 ,0.00 ,0.00 ,Read,0,0,1,0,0,0,0
0.00 ,0.00 ,0.00 ,0.00 ,0.00 ,0.00 ,0.00 ,1.00 ,0.00 ,0.00 ,0.00 ,Read,0,0,1,0,0,0,0
0.00 ,0.00 ,0.00 ,0.00 ,0.00 ,0.00 ,0.00 ,1.00 ,0.00 ,0.00 ,0.00 ,Read,0,0,1,0,0,0,0
0.00 ,0.00 ,0.00 ,0.00 ,0.00 ,0.00 ,0.00 ,1.00 ,0.00 ,0.00 ,0.00 ,Read,0,0,1,0,0,0,0
0.00 ,0.00 ,0.00 ,0.00 ,0.00 ,0.00 ,0.00 ,1.00 ,0.00 ,0.00 ,0.00 ,Read,0,0,1,0,0,0,0
0.00 ,0.00 ,0.00 ,0.00 ,0.00 ,0.00 ,0.00 ,1.00 ,0.00 ,0.00 ,0.00 ,Read,0,0,1,0,0,0,0
0.00 ,0.00 ,0.00 ,0.00 ,0.00 ,0.00 ,0.00 ,1.00 ,0.00 ,0.00 ,0.00 ,Read,0,0,1,0,0,0,0
0.00 ,0.00 ,0.00 ,0.00 ,0.00 ,0.00 ,0.00 ,1.00 ,0.00 ,0.00 ,0.00 ,Read,0,0,1,0,0,0,0
0.00 ,0.00 ,0.00 ,0.00 ,0.00 ,0.00 ,0.00 ,1.00 ,0.00 ,0.00 ,0.00 ,Read,0,0,1,0,0,0,0
0.00 ,0.00 ,0.00 ,0.00 ,0.00 ,0.00 ,0.00 ,1.00 ,0.00 ,0.00 ,0.00 ,Read,0,0,1,0,0,0,0
0.00 ,0.00 ,0.00 ,0.00 ,0.00 ,0.00 ,0.00 ,0.00 ,1.00 ,0.00 ,0.00 ,Read,0,0,1,0,0,0,0
0.00 ,0.00 ,0.00 ,0.00 ,0.00 ,0.00 ,0.00 ,0.00 ,1.00 ,0.00 ,0.00 ,Read,0,0,1,0,0,0,0
0.00 ,0.00 ,0.00 ,0.00 ,0.00 ,0.00 ,0.00 ,0.00 ,1.00 ,0.00 ,0.00 ,Read,0,0,1,0,0,0,0
0.00 ,0.00 ,0.00 ,0.00 ,0.00 ,0.00 ,0.00 ,1.00 ,0.00 ,0.00 ,0.00 ,Read,0,0,1,0,0,0,0
0.00 ,0.00 ,0.00 ,0.00 ,0.00 ,0.00 ,0.00 ,1.00 ,0.00 ,0.00 ,0.00 ,Read,0,0,1,0,0,0,0
0.00 ,0.00 ,0.00 ,0.00 ,0.00 ,0.00 ,0.00 ,1.00 ,0.00 ,0.00 ,0.00 ,Read,0,0,1,0,0,0,0
0.00 ,0.00 ,0.00 ,0.00 ,0.00 ,0.00 ,0.00 ,1.00 ,0.00 ,0.00 ,0.00 ,Read,0,0,1,0,0,0,0
0.00 ,0.00 ,0.00 ,0.00 ,0.00 ,0.00 ,0.00 ,1.00 ,0.00 ,0.00 ,0.00 ,Read,0,0,1,0,0,0,0
0.00 ,0.00 ,0.00 ,0.00 ,0.00 ,0.00 ,0.00 ,1.00 ,0.00 ,0.00 ,0.00 ,Read,0,0,1,0,0,0,0
0.00 ,0.00 ,0.00 ,0.00 ,0.00 ,0.00 ,0.00 ,1.00 ,0.00 ,0.00 ,0.00 ,Read,0,0,1,0,0,0,0
0.00 ,0.00 ,0.00 ,0.00 ,0.00 ,0.00 ,0.00 ,1.00 ,0.00 ,0.00 ,0.00 ,Read,0,0,1,0,0,0,0
0.00 ,0.00 ,1.00 ,0.00 ,0.00 ,0.00 ,0.00 ,0.00 ,0.00 ,0.00 ,0.00 ,Sweep,0,0,0,0,1,0,0
0.00 ,0.00 ,1.00 ,0.00 ,0.00 ,0.00 ,0.00 ,0.00 ,0.00 ,0.00 ,0.00 ,Sweep,0,0,0,0,1,0,0
0.00 ,0.00 ,1.00 ,0.00 ,0.00 ,0.00 ,0.00 ,0.00 ,0.00 ,0.00 ,0.00 ,Sweep,0,0,0,0,1,0,0
0.00 ,0.00 ,1.00 ,0.00 ,0.00 ,0.00 ,0.00 ,0.00 ,0.00 ,0.00 ,0.00 ,Sweep,0,0,0,0,1,0,0
0.00 ,0.00 ,1.00 ,0.00 ,0.00 ,0.00 ,0.00 ,0.00 ,0.00 ,0.00 ,0.00 ,Sweep,0,0,0,0,1,0,0
0.00 ,0.00 ,1.00 ,0.00 ,0.00 ,0.00 ,0.00 ,0.00 ,0.00 ,0.00 ,0.00 ,Sweep,0,0,0,0,1,0,0
0.00 ,0.00 ,1.00 ,0.00 ,0.00 ,0.00 ,0.00 ,0.00 ,0.00 ,0.00 ,0.00 ,Sweep,0,0,0,0,1,0,0
0.00 ,0.00 ,1.00 ,0.00 ,0.00 ,0.00 ,0.00 ,0.00 ,0.00 ,0.00 ,0.00 ,Sweep,0,0,0,0,1,0,0
0.00 ,0.00 ,1.00 ,0.00 ,0.00 ,0.00 ,0.00 ,0.00 ,0.00 ,0.00 ,0.00 ,Sweep,0,0,0,0,1,0,0
0.00 ,0.00 ,1.00 ,0.00 ,0.00 ,0.00 ,0.00 ,0.00 ,0.00 ,0.00 ,0.00 ,Sweep,0,0,0,0,1,0,0
0.00 ,0.00 ,1.00 ,0.00 ,0.00 ,0.00 ,0.00 ,0.00 ,0.00 ,0.00 ,0.00 ,Sweep,0,0,0,0,1,0,0
0.00 ,0.00 ,1.00 ,0.00 ,0.00 ,0.00 ,0.00 ,0.00 ,0.00 ,0.00 ,0.00 ,Sweep,0,0,0,0,1,0,0
0.00 ,0.00 ,1.00 ,0.00 ,0.00 ,0.00 ,0.00 ,0.00 ,0.00 ,0.00 ,0.00 ,Sweep,0,0,0,0,1,0,0
0.00 ,0.00 ,0.00 ,1.00 ,0.00 ,0.00 ,0.00 ,0.00 ,0.00 ,0.00 ,0.00 ,Sweep,0,0,0,0,1,0,0
0.00 ,0.00 ,0.00 ,1.00 ,0.00 ,0.00 ,0.00 ,0.00 ,0.00 ,0.00 ,0.00 ,Sweep,0,0,0,0,1,0,0
0.00 ,0.00 ,0.00 ,1.00 ,0.00 ,0.00 ,0.00 ,0.00 ,0.00 ,0.00 ,0.00 ,Sweep,0,0,0,0,1,0,0
0.00 ,0.00 ,0.00 ,1.00 ,0.00 ,0.00 ,0.00 ,0.00 ,0.00 ,0.00 ,0.00 ,Sweep,0,0,0,0,1,0,0
0.00 ,0.00 ,0.00 ,1.00 ,0.00 ,0.00 ,0.00 ,0.00 ,0.00 ,0.00 ,0.00 ,Sleep,0,0,0,0,0,1,0
0.00 ,0.00 ,0.00 ,0.00 ,1.00 ,0.00 ,0.00 ,0.00 ,0.00 ,0.00 ,0.00 ,Sleep,0,0,0,0,0,1,0
0.00 ,0.00 ,0.00 ,0.00 ,0.00 ,1.00 ,0.00 ,0.00 ,0.00 ,0.00 ,0.00 ,Sleep,0,0,0,0,0,1,0
0.00 ,0.00 ,0.00 ,0.00 ,0.00 ,1.00 ,0.00 ,0.00 ,0.00 ,0.00 ,0.00 ,Sleep,0,0,0,0,0,1,0
0.00 ,0.00 ,0.00 ,0.00 ,0.00 ,1.00 ,0.00 ,0.00 ,0.00 ,0.00 ,0.00 ,Sleep,0,0,0,0,0,1,0
0.00 ,0.00 ,0.00 ,0.00 ,0.00 ,1.00 ,0.00 ,0.00 ,0.00 ,0.00 ,0.00 ,Sleep,0,0,0,0,0,1,0
0.00 ,0.00 ,0.00 ,0.00 ,0.00 ,1.00 ,0.00 ,0.00 ,0.00 ,0.00 ,0.00 ,Sleep,0,0,0,0,0,1,0
0.00 ,0.00 ,0.00 ,0.00 ,0.00 ,1.00 ,0.00 ,0.00 ,0.00 ,0.00 ,0.00 ,Sleep,0,0,0,0,0,1,0
0.00 ,0.00 ,0.00 ,0.00 ,0.00 ,1.00 ,0.00 ,0.00 ,0.00 ,0.00 ,0.00 ,Sleep,0,0,0,0,0,1,0
0.00 ,0.00 ,0.00 ,0.00 ,0.00 ,1.00 ,0.00 ,0.00 ,0.00 ,0.00 ,0.00 ,Sleep,0,0,0,0,0,1,0
0.00 ,0.00 ,0.00 ,0.00 ,0.00 ,1.00 ,0.00 ,0.00 ,0.00 ,0.00 ,0.00 ,Sleep,0,0,0,0,0,1,0
0.00 ,0.00 ,0.00 ,0.00 ,0.00 ,1.00 ,0.00 ,0.00 ,0.00 ,0.00 ,0.00 ,Sleep,0,0,0,0,0,1,0
0.00 ,0.00 ,0.00 ,0.00 ,0.00 ,1.00 ,0.00 ,0.00 ,0.00 ,0.00 ,0.00 ,Sleep,0,0,0,0,0,1,0
0.00 ,0.00 ,0.00 ,0.00 ,0.00 ,1.00 ,0.00 ,0.00 ,0.00 ,0.00 ,0.00 ,Sleep,0,0,0,0,0,1,0
0.00 ,0.00 ,0.00 ,0.00 ,0.00 ,1.00 ,0.00 ,0.00 ,0.00 ,0.00 ,0.00 ,Sleep,0,0,0,0,0,1,0
0.00 ,0.00 ,0.00 ,0.00 ,0.00 ,1.00 ,0.00 ,0.00 ,0.00 ,0.00 ,0.00 ,Sleep,0,0,0,0,0,1,0
0.00 ,0.00 ,0.00 ,0.00 ,0.00 ,1.00 ,0.00 ,0.00 ,0.00 ,0.00 ,0.00 ,Sleep,0,0,0,0,0,1,0
0.00 ,0.00 ,0.00 ,0.00 ,0.00 ,1.00 ,0.00 ,0.00 ,0.00 ,0.00 ,0.00 ,Sleep,0,0,0,0,0,1,0
0.00 ,0.00 ,0.00 ,0.00 ,0.00 ,1.00 ,0.00 ,0.00 ,0.00 ,0.00 ,0.00 ,Sleep,0,0,0,0,0,1,0
0.00 ,0.00 ,0.00 ,0.00 ,0.00 ,1.00 ,0.00 ,0.00 ,0.00 ,0.00 ,0.00 ,Sleep,0,0,0,0,0,1,0
0.00 ,0.00 ,0.00 ,0.00 ,0.00 ,1.00 ,0.00 ,0.00 ,0.00 ,0.00 ,0.00 ,Sleep,0,0,0,0,0,1,0
0.00 ,0.00 ,0.00 ,0.00 ,0.00 ,1.00 ,0.00 ,0.00 ,0.00 ,0.00 ,0.00 ,Sleep,0,0,0,0,0,1,0
0.00 ,0.00 ,0.00 ,0.00 ,0.00 ,1.00 ,0.00 ,0.00 ,0.00 ,0.00 ,0.00 ,Sleep,0,0,0,0,0,1,0
0.00 ,0.00 ,0.00 ,0.00 ,0.00 ,1.00 ,0.00 ,0.00 ,0.00 ,0.00 ,0.00 ,Sleep,0,0,0,0,0,1,0
0.00 ,0.00 ,0.00 ,0.00 ,0.00 ,1.00 ,0.00 ,0.00 ,0.00 ,0.00 ,0.00 ,Sleep,0,0,0,0,0,1,0
0.00 ,0.00 ,0.00 ,0.00 ,0.00 ,1.00 ,0.00 ,0.00 ,0.00 ,0.00 ,0.00 ,Sleep,0,0,0,0,0,1,0
0.00 ,0.00 ,0.00 ,0.00 ,0.00 ,1.00 ,0.00 ,0.00 ,0.00 ,0.00 ,0.00 ,Sleep,0,0,0,0,0,1,0
0.00 ,0.00 ,0.00 ,0.00 ,0.00 ,1.00 ,0.00 ,0.00 ,0.00 ,0.00 ,0.00 ,Sleep,0,0,0,0,0,1,0
0.00 ,0.00 ,0.00 ,0.00 ,0.00 ,1.00 ,0.00 ,0.00 ,0.00 ,0.00 ,0.00 ,Sleep,0,0,0,0,0,1,0
0.00 ,0.00 ,0.00 ,0.00 ,0.00 ,1.00 ,0.00 ,0.00 ,0.00 ,0.00 ,0.00 ,Sleep,0,0,0,0,0,1,0
0.00 ,0.00 ,0.00 ,0.00 ,0.00 ,1.00 ,0.00 ,0.00 ,0.00 ,0.00 ,0.00 ,Sleep,0,0,0,0,0,1,0
0.00 ,0.00 ,0.00 ,0.00 ,0.00 ,1.00 ,0.00 ,0.00 ,0.00 ,0.00 ,0.00 ,Sleep,0,0,0,0,0,1,0
0.00 ,0.00 ,0.00 ,0.00 ,0.00 ,1.00 ,0.00 ,0.00 ,0.00 ,0.00 ,0.00 ,Sleep,0,0,0,0,0,1,0
0.00 ,0.00 ,0.00 ,0.00 ,0.00 ,1.00 ,0.00 ,0.00 ,0.00 ,0.00 ,0.00 ,Sleep,0,0,0,0,0,1,0
0.00 ,0.00 ,0.00 ,0.00 ,0.00 ,1.00 ,0.00 ,0.00 ,0.00 ,0.00 ,0.00 ,Sleep,0,0,0,0,0,1,0
0.00 ,0.00 ,0.00 ,0.00 ,0.00 ,1.00 ,0.00 ,0.00 ,0.00 ,0.00 ,0.00 ,Sleep,0,0,0,0,0,1,0
0.00 ,0.00 ,0.00 ,0.00 ,0.00 ,1.00 ,0.00 ,0.00 ,0.00 ,0.00 ,0.00 ,Sleep,0,0,0,0,0,1,0
0.00 ,0.00 ,0.00 ,0.00 ,0.00 ,1.00 ,0.00 ,0.00 ,0.00 ,0.00 ,0.00 ,Sleep,0,0,0,0,0,1,0
0.00 ,0.00 ,0.00 ,0.00 ,0.00 ,1.00 ,0.00 ,0.00 ,0.00 ,0.00 ,0.00 ,Sleep,0,0,0,0,0,1,0
0.00 ,0.00 ,0.00 ,0.00 ,0.00 ,1.00 ,0.00 ,0.00 ,0.00 ,0.00 ,0.00 ,Sleep,0,0,0,0,0,1,0
0.00 ,0.00 ,0.00 ,0.00 ,0.00 ,1.00 ,0.00 ,0.00 ,0.00 ,0.00 ,0.00 ,Sleep,0,0,0,0,0,1,0
0.00 ,0.00 ,0.00 ,0.00 ,0.00 ,1.00 ,0.00 ,0.00 ,0.00 ,0.00 ,0.00 ,Sleep,0,0,0,0,0,1,0
0.00 ,0.00 ,0.00 ,0.00 ,0.00 ,1.00 ,0.00 ,0.00 ,0.00 ,0.00 ,0.00 ,Sleep,0,0,0,0,0,1,0
0.00 ,0.00 ,0.00 ,0.00 ,0.00 ,1.00 ,0.00 ,0.00 ,0.00 ,0.00 ,0.00 ,Sleep,0,0,0,0,0,1,0
0.00 ,0.00 ,0.00 ,0.00 ,0.00 ,1.00 ,0.00 ,0.00 ,0.00 ,0.00 ,0.00 ,Sleep,0,0,0,0,0,1,0
0.00 ,0.00 ,0.00 ,0.00 ,0.00 ,1.00 ,0.00 ,0.00 ,0.00 ,0.00 ,0.00 ,Sleep,0,0,0,0,0,1,0
0.00 ,0.00 ,0.00 ,0.00 ,0.00 ,1.00 ,0.00 ,0.00 ,0.00 ,0.00 ,0.00 ,Sleep,0,0,0,0,0,1,0
0.00 ,0.00 ,0.00 ,0.00 ,0.00 ,1.00 ,0.00 ,0.00 ,0.00 ,0.00 ,0.00 ,Sleep,0,0,0,0,0,1,0
0.00 ,0.00 ,0.00 ,0.00 ,0.00 ,1.00 ,0.00 ,0.00 ,0.00 ,0.00 ,0.00 ,Sleep,0,0,0,0,0,1,0
0.00 ,0.00 ,0.00 ,0.00 ,0.00 ,1.00 ,0.00 ,0.00 ,0.00 ,0.00 ,0.00 ,Sleep,0,0,0,0,0,1,0
0.00 ,0.00 ,0.00 ,0.00 ,0.00 ,1.00 ,0.00 ,0.00 ,0.00 ,0.00 ,0.00 ,Sleep,0,0,0,0,0,1,0
0.00 ,0.00 ,0.00 ,0.00 ,0.00 ,1.00 ,0.00 ,0.00 ,0.00 ,0.00 ,0.00 ,Sleep,0,0,0,0,0,1,0
0.00 ,0.00 ,0.00 ,0.00 ,0.00 ,1.00 ,0.00 ,0.00 ,0.00 ,0.00 ,0.00 ,Sleep,0,0,0,0,0,1,0
0.00 ,0.00 ,0.00 ,0.00 ,0.00 ,1.00 ,0.00 ,0.00 ,0.00 ,0.00 ,0.00 ,Sleep,0,0,0,0,0,1,0
0.00 ,0.00 ,0.00 ,0.00 ,0.00 ,1.00 ,0.00 ,0.00 ,0.00 ,0.00 ,0.00 ,Sleep,0,0,0,0,0,1,0
0.00 ,0.00 ,0.00 ,0.00 ,0.00 ,1.00 ,0.00 ,0.00 ,0.00 ,0.00 ,0.00 ,Sleep,0,0,0,0,0,1,0
0.00 ,0.00 ,0.00 ,0.00 ,0.00 ,1.00 ,0.00 ,0.00 ,0.00 ,0.00 ,0.00 ,Sleep,0,0,0,0,0,1,0
0.00 ,0.00 ,0.00 ,0.00 ,0.00 ,1.00 ,0.00 ,0.00 ,0.00 ,0.00 ,0.00 ,Sleep,0,0,0,0,0,1,0
0.00 ,0.00 ,0.00 ,0.00 ,0.00 ,1.00 ,0.00 ,0.00 ,0.00 ,0.00 ,0.00 ,Sleep,0,0,0,0,0,1,0
0.00 ,0.00 ,0.00 ,0.00 ,0.00 ,1.00 ,0.00 ,0.00 ,0.00 ,0.00 ,0.00 ,Sleep,0,0,0,0,0,1,0
0.00 ,0.00 ,0.00 ,0.00 ,0.00 ,1.00 ,0.00 ,0.00 ,0.00 ,0.00 ,0.00 ,Sleep,0,0,0,0,0,1,0
0.00 ,0.00 ,0.00 ,0.00 ,0.00 ,1.00 ,0.00 ,0.00 ,0.00 ,0.00 ,0.00 ,Sleep,0,0,0,0,0,1,0
0.00 ,0.00 ,0.00 ,0.00 ,0.00 ,1.00 ,0.00 ,0.00 ,0.00 ,0.00 ,0.00 ,Sleep,0,0,0,0,0,1,0
0.00 ,0.00 ,0.00 ,0.00 ,0.00 ,1.00 ,0.00 ,0.00 ,0.00 ,0.00 ,0.00 ,Sleep,0,0,0,0,0,1,0
0.00 ,0.00 ,0.00 ,0.00 ,0.00 ,1.00 ,0.00 ,0.00 ,0.00 ,0.00 ,0.00 ,Sleep,0,0,0,0,0,1,0
0.00 ,0.00 ,0.00 ,0.00 ,0.00 ,1.00 ,0.00 ,0.00 ,0.00 ,0.00 ,0.00 ,Sleep,0,0,0,0,0,1,0
0.00 ,0.00 ,0.00 ,0.00 ,0.00 ,1.00 ,0.00 ,0.00 ,0.00 ,0.00 ,0.00 ,Sleep,0,0,0,0,0,1,0
0.00 ,0.00 ,0.00 ,0.00 ,0.00 ,1.00 ,0.00 ,0.00 ,0.00 ,0.00 ,0.00 ,Sleep,0,0,0,0,0,1,0
0.00 ,0.00 ,0.00 ,0.00 ,0.00 ,1.00 ,0.00 ,0.00 ,0.00 ,0.00 ,0.00 ,Sleep,0,0,0,0,0,1,0
0.00 ,0.00 ,0.00 ,0.00 ,0.00 ,1.00 ,0.00 ,0.00 ,0.00 ,0.00 ,0.00 ,Sleep,0,0,0,0,0,1,0
0.00 ,0.00 ,0.00 ,0.00 ,0.00 ,1.00 ,0.00 ,0.00 ,0.00 ,0.00 ,0.00 ,Sleep,0,0,0,0,0,1,0
0.00 ,0.00 ,0.00 ,0.00 ,0.00 ,1.00 ,0.00 ,0.00 ,0.00 ,0.00 ,0.00 ,Sleep,0,0,0,0,0,1,0
0.00 ,0.00 ,0.00 ,0.00 ,0.00 ,1.00 ,0.00 ,0.00 ,0.00 ,0.00 ,0.00 ,Sleep,0,0,0,0,0,1,0
0.00 ,0.00 ,0.00 ,0.00 ,0.00 ,1.00 ,0.00 ,0.00 ,0.00 ,0.00 ,0.00 ,Sleep,0,0,0,0,0,1,0
0.00 ,0.00 ,0.00 ,0.00 ,1.00 ,0.00 ,0.00 ,0.00 ,0.00 ,0.00 ,0.00 ,Sleep,0,0,0,0,0,1,0
0.00 ,0.00 ,0.00 ,0.00 ,1.00 ,0.00 ,0.00 ,0.00 ,0.00 ,0.00 ,0.00 ,Exercise,0,0,0,0,0,0,1
0.00 ,0.00 ,0.00 ,0.00 ,0.00 ,0.00 ,1.00 ,0.00 ,0.00 ,0.00 ,0.00 ,Exercise,0,0,0,0,0,0,1
0.00 ,0.00 ,0.00 ,0.00 ,0.00 ,0.00 ,1.00 ,0.00 ,0.00 ,0.00 ,0.00 ,Exercise,0,0,0,0,0,0,1
0.00 ,0.00 ,0.00 ,0.00 ,0.00 ,0.00 ,1.00 ,0.00 ,0.00 ,0.00 ,0.00 ,Exercise,0,0,0,0,0,0,1
0.00 ,0.00 ,0.00 ,0.00 ,0.00 ,0.00 ,1.00 ,0.00 ,0.00 ,0.00 ,0.00 ,Exercise,0,0,0,0,0,0,1
0.00 ,0.00 ,0.00 ,0.00 ,0.00 ,0.00 ,1.00 ,0.00 ,0.00 ,0.00 ,0.00 ,Exercise,0,0,0,0,0,0,1
0.00 ,0.00 ,0.00 ,0.00 ,0.00 ,0.00 ,1.00 ,0.00 ,0.00 ,0.00 ,0.00 ,Exercise,0,0,0,0,0,0,1
0.00 ,0.00 ,0.00 ,0.00 ,0.00 ,0.00 ,1.00 ,0.00 ,0.00 ,0.00 ,0.00 ,Exercise,0,0,0,0,0,0,1
0.00 ,0.00 ,0.00 ,0.00 ,0.00 ,0.00 ,1.00 ,0.00 ,0.00 ,0.00 ,0.00 ,Exercise,0,0,0,0,0,0,1
0.00 ,0.00 ,0.00 ,0.00 ,0.00 ,0.00 ,1.00 ,0.00 ,0.00 ,0.00 ,0.00 ,Exercise,0,0,0,0,0,0,1
0.00 ,0.00 ,0.00 ,0.00 ,0.00 ,0.00 ,1.00 ,0.00 ,0.00 ,0.00 ,0.00 ,Exercise,0,0,0,0,0,0,1
0.00 ,0.00 ,0.00 ,0.00 ,0.00 ,0.00 ,1.00 ,0.00 ,0.00 ,0.00 ,0.00 ,Exercise,0,0,0,0,0,0,1
0.00 ,0.00 ,0.00 ,0.00 ,0.00 ,0.00 ,1.00 ,0.00 ,0.00 ,0.00 ,0.00 ,Exercise,0,0,0,0,0,0,1
0.00 ,0.00 ,0.00 ,0.00 ,0.00 ,0.00 ,1.00 ,0.00 ,0.00 ,0.00 ,0.00 ,Exercise,0,0,0,0,0,0,1
0.00 ,0.00 ,0.00 ,0.00 ,0.00 ,0.00 ,1.00 ,0.00 ,0.00 ,0.00 ,0.00 ,Exercise,0,0,0,0,0,0,1
0.00 ,0.00 ,0.00 ,0.00 ,0.00 ,0.00 ,1.00 ,0.00 ,0.00 ,0.00 ,0.00 ,Exercise,0,0,0,0,0,0,1
0.00 ,0.00 ,0.00 ,0.00 ,0.00 ,0.00 ,1.00 ,0.00 ,0.00 ,0.00 ,0.00 ,Exercise,0,0,0,0,0,0,1
0.00 ,0.00 ,0.00 ,0.00 ,0.00 ,0.00 ,1.00 ,0.00 ,0.00 ,0.00 ,0.00 ,Exercise,0,0,0,0,0,0,1
0.00 ,0.00 ,0.00 ,0.00 ,0.00 ,0.00 ,1.00 ,0.00 ,0.00 ,0.00 ,0.00 ,Exercise,0,0,0,0,0,0,1
0.00 ,0.00 ,0.00 ,0.00 ,0.00 ,0.00 ,1.00 ,0.00 ,0.00 ,0.00 ,0.00 ,Exercise,0,0,0,0,0,0,1
0.00 ,0.00 ,0.00 ,0.00 ,0.00 ,0.00 ,1.00 ,0.00 ,0.00 ,0.00 ,0.00 ,Exercise,0,0,0,0,0,0,1
0.00 ,0.00 ,0.00 ,0.00 ,0.00 ,0.00 ,1.00 ,0.00 ,0.00 ,0.00 ,0.00 ,Exercise,0,0,0,0,0,0,1
0.00 ,0.00 ,0.00 ,0.00 ,0.00 ,0.00 ,1.00 ,0.00 ,0.00 ,0.00 ,0.00 ,Exercise,0,0,0,0,0,0,1
0.00 ,0.00 ,0.00 ,0.00 ,0.00 ,0.00 ,1.00 ,0.00 ,0.00 ,0.00 ,0.00 ,Exercise,0,0,0,0,0,0,1
0.00 ,0.00 ,0.00 ,0.00 ,0.00 ,0.00 ,1.00 ,0.00 ,0.00 ,0.00 ,0.00 ,Exercise,0,0,0,0,0,0,1
0.00 ,0.00 ,0.00 ,0.00 ,0.00 ,0.00 ,1.00 ,0.00 ,0.00 ,0.00 ,0.00 ,Exercise,0,0,0,0,0,0,1
0.00 ,0.00 ,0.00 ,0.00 ,0.00 ,0.00 ,1.00 ,0.00 ,0.00 ,0.00 ,0.00 ,Exercise,0,0,0,0,0,0,1
0.00 ,0.00 ,0.00 ,0.00 ,0.00 ,0.00 ,1.00 ,0.00 ,0.00 ,0.00 ,0.00 ,Exercise,0,0,0,0,0,0,1
0.00 ,0.00 ,0.00 ,0.00 ,0.00 ,0.00 ,1.00 ,0.00 ,0.00 ,0.00 ,0.00 ,Exercise,0,0,0,0,0,0,1
0.00 ,0.00 ,0.00 ,0.00 ,0.00 ,0.00 ,1.00 ,0.00 ,0.00 ,0.00 ,0.00 ,Exercise,0,0,0,0,0,0,1
0.00 ,0.00 ,0.00 ,0.00 ,0.00 ,0.00 ,0.00 ,0.00 ,0.00 ,0.00 ,1.00 ,Exercise,0,0,0,0,0,0,1
0.00 ,0.00 ,0.00 ,0.00 ,0.00 ,0.00 ,0.00 ,1.00 ,0.00 ,0.00 ,0.00 ,Read,0,0,1,0,0,0,0
0.00 ,0.00 ,0.00 ,0.00 ,0.00 ,0.00 ,0.00 ,1.00 ,0.00 ,0.00 ,0.00 ,Read,0,0,1,0,0,0,0
0.00 ,0.00 ,0.00 ,0.00 ,0.00 ,0.00 ,0.00 ,1.00 ,0.00 ,0.00 ,0.00 ,Read,0,0,1,0,0,0,0
0.00 ,0.00 ,0.00 ,0.00 ,0.00 ,0.00 ,0.00 ,1.00 ,0.00 ,0.00 ,0.00 ,Read,0,0,1,0,0,0,0
0.00 ,0.00 ,0.00 ,0.00 ,0.00 ,0.00 ,0.00 ,1.00 ,0.00 ,0.00 ,0.00 ,Read,0,0,1,0,0,0,0
0.00 ,0.00 ,0.00 ,0.00 ,0.00 ,0.00 ,0.00 ,1.00 ,0.00 ,0.00 ,0.00 ,Read,0,0,1,0,0,0,0
0.00 ,0.00 ,0.00 ,0.00 ,0.00 ,0.00 ,0.00 ,1.00 ,0.00 ,0.00 ,0.00 ,Read,0,0,1,0,0,0,0
0.00 ,0.00 ,0.00 ,0.00 ,0.00 ,0.00 ,0.00 ,1.00 ,0.00 ,0.00 ,0.00 ,Read,0,0,1,0,0,0,0
0.00 ,0.00 ,0.00 ,0.00 ,0.00 ,0.00 ,0.00 ,1.00 ,0.00 ,0.00 ,0.00 ,Read,0,0,1,0,0,0,0
0.00 ,0.00 ,0.00 ,0.00 ,0.00 ,0.00 ,0.00 ,1.00 ,0.00 ,0.00 ,0.00 ,Read,0,0,1,0,0,0,0
0.00 ,0.00 ,0.00 ,0.00 ,0.00 ,0.00 ,0.00 ,1.00 ,0.00 ,0.00 ,0.00 ,Read,0,0,1,0,0,0,0
0.00 ,0.00 ,0.00 ,0.00 ,0.00 ,0.00 ,0.00 ,1.00 ,0.00 ,0.00 ,0.00 ,Read,0,0,1,0,0,0,0
0.00 ,0.00 ,0.00 ,0.00 ,0.00 ,0.00 ,0.00 ,1.00 ,0.00 ,0.00 ,0.00 ,Read,0,0,1,0,0,0,0
0.00 ,0.00 ,0.00 ,0.00 ,0.00 ,0.00 ,0.00 ,1.00 ,0.00 ,0.00 ,0.00 ,Read,0,0,1,0,0,0,0
0.00 ,0.00 ,0.00 ,0.00 ,0.00 ,0.00 ,0.00 ,1.00 ,0.00 ,0.00 ,0.00 ,Read,0,0,1,0,0,0,0
0.00 ,0.00 ,0.00 ,0.00 ,0.00 ,0.00 ,0.00 ,1.00 ,0.00 ,0.00 ,0.00 ,Read,0,0,1,0,0,0,0
0.00 ,0.00 ,0.00 ,0.00 ,0.00 ,0.00 ,0.00 ,1.00 ,0.00 ,0.00 ,0.00 ,Read,0,0,1,0,0,0,0
0.00 ,0.00 ,0.00 ,0.00 ,0.00 ,0.00 ,0.00 ,1.00 ,0.00 ,0.00 ,0.00 ,Read,0,0,1,0,0,0,0
0.00 ,0.00 ,0.00 ,0.00 ,0.00 ,0.00 ,0.00 ,1.00 ,0.00 ,0.00 ,0.00 ,Read,0,0,1,0,0,0,0
0.00 ,0.00 ,0.00 ,0.00 ,0.00 ,0.00 ,0.00 ,1.00 ,0.00 ,0.00 ,0.00 ,Read,0,0,1,0,0,0,0
0.00 ,0.00 ,0.00 ,0.00 ,0.00 ,0.00 ,0.00 ,1.00 ,0.00 ,0.00 ,0.00 ,Read,0,0,1,0,0,0,0
0.00 ,0.00 ,0.00 ,0.00 ,0.00 ,0.00 ,0.00 ,0.00 ,1.00 ,0.00 ,0.00 ,Read,0,0,1,0,0,0,0
0.00 ,0.00 ,0.00 ,0.00 ,0.00 ,0.00 ,0.00 ,0.00 ,1.00 ,0.00 ,0.00 ,PlayPad,0,1,0,0,0,0,0
0.00 ,0.00 ,0.00 ,0.00 ,0.00 ,0.00 ,0.00 ,0.00 ,0.00 ,1.00 ,0.00 ,PlayPad,0,1,0,0,0,0,0
0.00 ,0.00 ,0.00 ,0.00 ,0.00 ,0.00 ,0.00 ,0.00 ,0.00 ,1.00 ,0.00 ,PlayPad,0,1,0,0,0,0,0
0.00 ,0.00 ,0.00 ,0.00 ,0.00 ,0.00 ,0.00 ,0.00 ,0.00 ,1.00 ,0.00 ,PlayPad,0,1,0,0,0,0,0
0.00 ,0.00 ,0.00 ,0.00 ,0.00 ,0.00 ,0.00 ,0.00 ,0.00 ,1.00 ,0.00 ,PlayPad,0,1,0,0,0,0,0
0.00 ,0.00 ,0.00 ,0.00 ,0.00 ,0.00 ,0.00 ,0.00 ,0.00 ,1.00 ,0.00 ,PlayPad,0,1,0,0,0,0,0
0.00 ,0.00 ,0.00 ,0.00 ,0.00 ,0.00 ,0.00 ,0.00 ,0.00 ,1.00 ,0.00 ,PlayPad,0,1,0,0,0,0,0
0.00 ,0.00 ,0.00 ,0.00 ,0.00 ,0.00 ,0.00 ,0.00 ,0.00 ,1.00 ,0.00 ,PlayPad,0,1,0,0,0,0,0
0.00 ,0.00 ,0.00 ,0.00 ,0.00 ,0.00 ,0.00 ,0.00 ,0.00 ,1.00 ,0.00 ,PlayPad,0,1,0,0,0,0,0
0.00 ,0.00 ,0.00 ,0.00 ,0.00 ,0.00 ,0.00 ,0.00 ,0.00 ,1.00 ,0.00 ,PlayPad,0,1,0,0,0,0,0
0.00 ,0.00 ,0.00 ,0.00 ,0.00 ,0.00 ,0.00 ,0.00 ,0.00 ,1.00 ,0.00 ,PlayPad,0,1,0,0,0,0,0
0.00 ,0.00 ,0.00 ,0.00 ,0.00 ,0.00 ,0.00 ,0.00 ,0.00 ,1.00 ,0.00 ,PlayPad,0,1,0,0,0,0,0
0.00 ,0.00 ,0.00 ,0.00 ,0.00 ,0.00 ,0.00 ,0.00 ,0.00 ,1.00 ,0.00 ,PlayPad,0,1,0,0,0,0,0
0.00 ,0.00 ,0.00 ,0.00 ,0.00 ,0.00 ,0.00 ,0.00 ,0.00 ,1.00 ,0.00 ,PlayPad,0,1,0,0,0,0,0
0.00 ,0.00 ,0.00 ,0.00 ,0.00 ,0.00 ,0.00 ,0.00 ,0.00 ,1.00 ,0.00 ,PlayPad,0,1,0,0,0,0,0
0.00 ,0.00 ,0.00 ,0.00 ,0.00 ,0.00 ,0.00 ,0.00 ,0.00 ,1.00 ,0.00 ,PlayPad,0,1,0,0,0,0,0
0.00 ,0.00 ,0.00 ,0.00 ,0.00 ,0.00 ,0.00 ,0.00 ,0.00 ,1.00 ,0.00 ,PlayPad,0,1,0,0,0,0,0
0.00 ,0.00 ,0.00 ,0.00 ,0.00 ,0.00 ,0.00 ,0.00 ,0.00 ,1.00 ,0.00 ,PlayPad,0,1,0,0,0,0,0
0.00 ,0.00 ,0.00 ,0.00 ,0.00 ,0.00 ,0.00 ,0.00 ,0.00 ,1.00 ,0.00 ,PlayPad,0,1,0,0,0,0,0
0.00 ,0.00 ,0.00 ,0.00 ,0.00 ,0.00 ,0.00 ,0.00 ,0.00 ,1.00 ,0.00 ,PlayPad,0,1,0,0,0,0,0
0.00 ,0.00 ,0.00 ,0.00 ,0.00 ,0.00 ,0.00 ,0.00 ,0.00 ,1.00 ,0.00 ,PlayPad,0,1,0,0,0,0,0